<?xml version="1.0" encoding="UTF-8" ?>
<routes xmlns="http://symfony.com/schema/routing"
        xmlns:xsi="http://www.w3.org/2001/XMLSchema-instance"
        xsi:schemaLocation="http://symfony.com/schema/routing
        https://symfony.com/schema/routing/routing-1.0.xsd">

    <!-- Explizite Routen-Definitionen für Shopware 6.4 und 6.6 Kompatibilität -->
    <route id="administration.frontstack.start-onboarding" path="/%shopware_administration.path_name%/frontstack/start-onboarding" methods="GET">
        <default key="_controller">Frontstack\Controller\Administration\AdminCheckController::startOnboarding</default>
        <default key="_routeScope"><list><string>administration</string></list></default>
        <default key="auth_required"><bool>false</bool></default>
        <default key="auth_enabled"><bool>false</bool></default>
    </route>

    <route id="administration.frontstack.admin-check" path="/%shopware_administration.path_name%/frontstack/onboarding-step-2" methods="GET">
        <default key="_controller">Frontstack\Controller\Administration\AdminCheckController::checkAdminLogin</default>
        <default key="_routeScope"><list><string>administration</string></list></default>
        <default key="auth_required"><bool>false</bool></default>
        <default key="auth_enabled"><bool>false</bool></default>
    </route>

    <route id="api.frontstack.create-integration" path="/api/frontstack/create-integration" methods="POST">
        <default key="_controller">Frontstack\Controller\Administration\AdminCheckController::createIntegration</default>
        <default key="_routeScope"><list><string>api</string></list></default>
        <default key="auth_required"><bool>true</bool></default>
        <default key="auth_enabled"><bool>true</bool></default>
    </route>
</routes>
