<?xml version="1.0" ?>

<container xmlns="http://symfony.com/schema/dic/services"
           xmlns:xsi="http://www.w3.org/2001/XMLSchema-instance"
           xsi:schemaLocation="http://symfony.com/schema/dic/services http://symfony.com/schema/dic/services/services-1.0.xsd">

    <parameters>
        <parameter key="frontstack.backend_url">%env(default::FRONTSTACK_BACKEND_URL)%</parameter>
        <parameter key="frontstack.app_url">%env(default::FRONTSTACK_APP_URL)%</parameter>


        <parameter key="env(FRONTSTACK_BACKEND_URL)">https://backend.frontstack.dev</parameter>
        <parameter key="env(FRONTSTACK_APP_URL)">https://app.frontstack.dev</parameter>
    </parameters>

    <services>
        <!-- Default: alles automatisch -->
        <defaults autowire="true" autoconfigure="true" public="false" />

        <service id="monolog.processor.frontstack_introspection" class="Monolog\Processor\IntrospectionProcessor">
            <tag name="monolog.processor" handler="frontstack.handler" />
        </service>

        <service id="Frontstack\Services\Config\ConfigService" class="Frontstack\Services\Config\ConfigService">
            <argument type="service" id="Shopware\Core\System\SystemConfig\SystemConfigService"/>
        </service>

        <service id="Frontstack\Storefront\Subscriber" class="Frontstack\Subscriber\Subscriber">
            <argument type="service" id="Doctrine\DBAL\Connection"/>
            <argument type="service" id="monolog.logger.frontstack"/>
            <argument type="service" id="Frontstack\Services\MessengerBusFactory"/>
            <tag name="kernel.event_subscriber"/>
        </service>

        <service id="Frontstack\MessageQueue\AsyncEntityWrittenHandler" class="Frontstack\MessageQueue\AsyncEntityWrittenHandler">
            <argument type="service" id="Frontstack\Services\Config\ConfigService"/>
            <argument type="service" id="monolog.logger.frontstack"/>
            <tag name="messenger.message_handler" handler="Frontstack\MessageQueue\AsyncEntityWrittenHandler"/>
        </service>


        <service id="Frontstack\ScheduledTask\SendWebhookTask">
            <tag name="shopware.scheduled.task" />
        </service>
        <service id="Frontstack\Services\MessengerBusFactory">
            <argument type="service" id="service_container"/>
        </service>
        <service  id="Frontstack\ScheduledTask\SendWebhookTaskHandler">
            <argument type="service" id="Doctrine\DBAL\Connection"/>
            <argument type="service" id="monolog.logger.frontstack"/>
            <argument type="service" id="scheduled_task.repository"/>
            <argument type="service" id="Frontstack\Services\MessengerBusFactory"/>
            <tag name="messenger.message_handler" />
        </service>

        <service id="Frontstack\Controller\ApiController" class="Frontstack\Controller\Storefront\AdminCheckController" >
            <argument type="service" id="router"/>
            <call method="setContainer">
                <argument type="service" id="service_container"/>
            </call>
        </service>



        <!-- Service für Onboarding -->
        <service id="Frontstack\Services\Onboarding\ShopwareOnboardingService" public="true"/>

        <!-- Storefront-Controller -->
        <service id="Frontstack\Controller\Administration\AdminCheckController" public="true">
            <argument type="service" id="parameter_bag"/>
            <call method="setContainer">
                <argument type="service" id="service_container"/>
            </call>

        </service>
    </services>
</container>
